{
  "brand": {
    "name": "HiiiWAV",
    "colors": {
      "purple": {
        "hex": "#A34DFF",
        "rgb": "153,77,255",
        "pms": "265C"
      },
      "orange": {
        "hex": "#FF4D16",
        "rgb": "255,77,22",
        "pms": "Orange 021C"
      },
      "green": {
        "hex": "#99FF69",
        "rgb": "153,255,105",
        "pms": "7487C"
      },
      "black": {
        "hex": "#000000",
        "rgb": "0,0,0",
        "pms": "Process Black"
      }
    },
    "typography": {
      "primary": {
        "family": "PP Neue Montreal",
        "weights": {
          "book": 400,
          "bold": 700
        },
        "use": "All-caps bold for short headlines (<6 words). Book for body."
      },
      "secondary": {
        "family": "PP Editorial New",
        "style": "Italic",
        "use": "Sparingly for emphasis and quotes; never standalone."
      },
      "system_fallbacks": [
        "Inter",
        "Helvetica Neue",
        "Helvetica",
        "Arial",
        "ui-sans-serif",
        "system-ui"
      ]
    },
    "logo": {
      "usage": {
        "color": "Black or white only",
        "min_width_px": 25,
        "dos_donts": [
          "Do not stretch, skew, recolor, or place on busy backgrounds",
          "Use avatar with three i\u2019s in contexts where full name is present/known"
        ]
      }
    },
    "patterns": {
      "rules": "Only use patterns in black on a single brand color background.",
      "files": [
        "patterns/wav-bars.svg",
        "patterns/iii-bars.svg",
        "patterns/logo-wav.svg"
      ]
    },
    "photography": {
      "style": "Full-color, authentic, candid; documentary feel; collaboration in action."
    }
  }
}